obs,Iceland,Switzerland,Estonia,Greece,Finland,Sweden,Slovenia,Portugal,Netherlands,Italy,Gerany,USA,Norway,Denark,Austria,Luxeburg,Spain,UK,Ireland;;;;;;;;;;;;;;;
198803,NA,35.092,NA,NA,16644,35202,NA,NA,52314,NA,306919,919,NA,11040,31456,4586,104756,209178,7185;;;;;;;;;;;;;;;
198804,NA,33.145,NA,NA,16068,32575,NA,NA,47736,NA,284475,852,NA,8659,38237,3766,75912,165869,5422;;;;;;;;;;;;;;;
198805,NA,32.594,NA,NA,17862,32825,NA,NA,43080,NA,267290,874,NA,8448,32503,3221,97868,185422,7978;;;;;;;;;;;;;;;
198806,NA,37.159,NA,NA,15686,32428,NA,NA,46036,NA,269527,981,NA,8835,33126,3297,102419,168731,6076;;;;;;;;;;;;;;;
198807,NA,26.923,NA,NA,12214,22307,NA,NA,33130,NA,235515,883,NA,7054,29697,2769,106741,53479,5611;;;;;;;;;;;;;;;
198808,NA,20.564,NA,NA,14238,23370,NA,NA,28881,NA,186407,907,NA,6616,22962,1983,77493,483500,4759;;;;;;;;;;;;;;;
198809,NA,21.681,NA,NA,15228,28520,NA,NA,35520,NA,253254,938,NA,6384,27041,2147,69431,191121,4462;;;;;;;;;;;;;;;
198810,NA,21.952,NA,NA,13358,30158,NA,NA,34326,NA,217357,807,NA,5675,24775,2278,86576,147791,3593;;;;;;;;;;;;;;;
198811,NA,21.653,NA,NA,11010,31886,NA,NA,28112,NA,212824,764,NA,5078,22039,2210,89089,149398,2655;;;;;;;;;;;;;;;
198812,NA,24.688,NA,NA,7110,30501,NA,NA,9349,NA,224398,896,NA,4211,17101,1826,96210,96000,1262;;;;;;;;;;;;;;;
198901,NA,21.607,NA,6150,25285,23612,NA,NA,76562,NA,187748,733,NA,6692,25655,2360,86803,220197,9965;;;;;;;;;;;;;;;
198902,NA,22.168,NA,5309,16942,23946,NA,NA,43152,NA,213495,722,NA,6215,23345,4297,97215,189850,7779;;;;;;;;;;;;;;;
198903,NA,40.968,NA,3903,15282,30225,NA,NA,53751,NA,306527,833,NA,8944,37381,5015,109727,221155,7928;;;;;;;;;;;;;;;
198904,NA,32.118,NA,7912,16701,31760,NA,NA,50088,NA,294072,843,NA,8834,35868,3463,94817,191276,7367;;;;;;;;;;;;;;;
198905,NA,36.149,NA,7142,18253,28883,NA,NA,43410,NA,248036,885,NA,7781,33049,2964,100780,199258,9572;;;;;;;;;;;;;;;
198906,NA,32.715,NA,7085,15599,31174,NA,NA,48590,NA,281807,950,NA,7659,36271,2929,117883,174667,8597;;;;;;;;;;;;;;;
198907,NA,25.471,NA,7847,12017,18449,NA,NA,32997,NA,225429,830,NA,5086,30793,2693,113877,51093,7026;;;;;;;;;;;;;;;
198908,NA,20.121,NA,7069,13454,19817,NA,NA,32312,NA,193059,880,NA,5695,24425,2107,75610,504000,6078;;;;;;;;;;;;;;;
198909,NA,20.008,NA,7162,12350,23484,NA,NA,35490,NA,209580,958,NA,6222,23992,2036,72586,171730,5088;;;;;;;;;;;;;;;
198910,NA,27.36,NA,8396,13974,29608,NA,NA,38735,NA,245783,807,NA,6125,25567,2600,94609,151514,4293;;;;;;;;;;;;;;;
198911,NA,21.786,NA,9549,11562,28456,NA,NA,30655,NA,214184,666,NA,5015,26726,2150,91543,143323,3153;;;;;;;;;;;;;;;
198912,NA,19.381,NA,8121,6191,24712,NA,NA,9345,NA,212020,694,NA,4185,14981,1768,93923,86769,1537;;;;;;;;;;;;;;;
199001,NA,27.544,NA,10437,17519,22734,NA,15258,84370,310337,213265,619,NA,6641,29433,2533,85485,206393,11119;;;;;;;;;;;;;;;
199002,NA,29.3,NA,6809,9736,21186,NA,15211,35007,219117,221428,657,NA,6938,24475,3819,84873,167420,8207;;;;;;;;;;;;;;;
199003,NA,37.285,NA,4672,16827,25813,NA,18873,58695,225059,312963,773,NA,9832,38917,4565,105810,208733,8507;;;;;;;;;;;;;;;
199004,NA,33.055,NA,13344,15706,22413,NA,17991,47200,214460,277071,751,NA,8762,39546,4062,91076,166913,9391;;;;;;;;;;;;;;;
199005,NA,28.798,NA,12536,15118,24258,NA,19080,47134,232627,286364,819,NA,7741,36496,3864,96564,173896,10349;;;;;;;;;;;;;;;
199006,NA,36.12,NA,9790,12064,24012,NA,19034,48831,201085,259254,861,NA,7948,32487,3415,93946,142697,8153;;;;;;;;;;;;;;;
199007,NA,21.053,NA,11624,10664,13391,NA,19211,33566,206843,271801,779,NA,5914,31958,3166,107865,45707,7842;;;;;;;;;;;;;;;
199008,NA,20.373,NA,10257,9852,14553,NA,15250,33974,107075,224088,777,NA,6178,26656,2302,75211,432867,6224;;;;;;;;;;;;;;;
199009,NA,24.576,NA,6052,9438,16267,NA,14075,33948,153386,216726,825,NA,6926,25525,2139,51849,153595,4862;;;;;;;;;;;;;;;
199010,NA,25.386,NA,10700,10304,20277,NA,17373,39386,183925,296507,787,NA,6187,27477,3627,77259,130377,4618;;;;;;;;;;;;;;;
199011,NA,18.559,NA,9772,7719,16707,NA,17337,31294,157300,262569,683,NA,4648,22734,3029,70702,117499,2768;;;;;;;;;;;;;;;
199012,NA,20.925,NA,9487,4094,13581,NA,22231,9222,95841,198747,683,NA,3122,14726,2127,66374,62837,1380;;;;;;;;;;;;;;;
199101,NA,24.366,NA,10977,12058,13073,NA,16276,78186,295463,319748,599,4858,5404,30606,2976,67998,163534,9441;;;;;;;;;;;;;;;
199102,NA,23.401,NA,10740,6916,13509,NA,16058,38235,207724,342725,590,4484,5374,24195,4593,70581,124342,6434;;;;;;;;;;;;;;;
199103,NA,31.487,NA,12853,8867,17707,NA,21542,51266,235431,444576,669,4918,10494,41726,5258,77769,168854,7922;;;;;;;;;;;;;;;
199104,NA,33.573,NA,15084,10377,20904,NA,19853,46335,192108,442732,675,5596,8876,40402,5285,82803,126588,6892;;;;;;;;;;;;;;;
199105,NA,34.03,NA,15594,8229,19545,NA,21636,48516,222099,427935,746,5293,9259,37350,4323,84268,120162,9822;;;;;;;;;;;;;;;
199106,NA,34.204,NA,14223,7147,17802,NA,20569,45831,192823,430947,792,5350,7767,36091,3828,84648,98204,6265;;;;;;;;;;;;;;;
199107,NA,19.618,NA,18672,7214,11773,NA,22635,37204,214440,552865,760,5071,6681,33596,3998,102518,36101,6698;;;;;;;;;;;;;;;
199108,NA,23.438,NA,14299,6497,11635,NA,16541,32063,95642,165040,675,4369,6417,25615,2342,60327,367646,4614;;;;;;;;;;;;;;;
199109,NA,22.634,NA,10991,7126,14700,NA,15234,32681,142955,233290,737,5152,6255,24675,2269,57351,126906,3739;;;;;;;;;;;;;;;
199110,NA,22.705,NA,14462,6950,18372,NA,18660,39484,196031,293570,692,6191,7272,30204,3125,81918,101107,3327;;;;;;;;;;;;;;;
199111,NA,21.664,NA,14819,6518,17552,NA,17247,31276,155815,272966,610,5110,6129,23032,2268,71273,100608,2213;;;;;;;;;;;;;;;
199112,NA,19.073,NA,15023,4586,15183,NA,22303,9678,99459,232280,628,3432,3900,18249,3790,72607,58274,1166;;;;;;;;;;;;;;;
199201,NA,22.95,NA,17558,10326,13978,NA,20108,89791,284332,328666,619,5875,7147,30941,2831,87950,153681,7546;;;;;;;;;;;;;;;
199202,NA,26.636,NA,14729,5321,13803,NA,20879,36998,208095,316802,590,4998,7314,28180,4735,87520,109414,7050;;;;;;;;;;;;;;;
199203,NA,29.917,NA,10355,6318,16927,NA,27751,43392,223732,425922,665,6098,9897,40776,4741,99161,143115,9462;;;;;;;;;;;;;;;
199204,NA,35.317,NA,20028,6679,17334,NA,32914,45008,258767,401095,693,5476,9717,52094,4885,94201,138106,6979;;;;;;;;;;;;;;;
199205,NA,27.752,NA,15235,5708,15996,NA,23376,39177,227378,357968,692,6121,8701,37538,3637,86357,121862,6864;;;;;;;;;;;;;;;
199206,NA,28.85,NA,17369,5548,15243,NA,20750,38004,236386,356964,837,6105,7654,35990,3533,96992,102566,6350;;;;;;;;;;;;;;;
199207,NA,21.158,NA,18901,5197,10726,NA,24229,35681,234931,352270,754,6217,6763,35215,2705,111324,33051,8162;;;;;;;;;;;;;;;
199208,NA,17.13,NA,14981,4446,8636,NA,18625,26295,80218,230724,611,4643,6228,22696,1750,51450,373804,4628;;;;;;;;;;;;;;;
199209,NA,18.805,NA,14954,7917,10905,NA,17698,33314,149948,280111,711,5909,7077,29196,2113,61320,121823,3982;;;;;;;;;;;;;;;
199210,NA,23.984,NA,18232,5142,11754,NA,20463,36746,191253,301522,642,6456,6177,31439,2409,74330,109373,3230;;;;;;;;;;;;;;;
199211,NA,18.566,NA,17496,3358,10292,NA,21958,35392,150787,285730,593,5536,4334,23850,1949,69783,106902,2199;;;;;;;;;;;;;;;
199212,NA,15.224,NA,19256,2587,11701,NA,28221,32172,143568,291784,639,5241,3509,12887,1845,88066,79903,1409;;;;;;;;;;;;;;;
199301,NA,20.691,NA,16456,6278,8473,NA,18757,44489,228886,238246,618,6563,5600,31318,2109,43150,164939,5919;;;;;;;;;;;;;;;
199302,NA,20.243,NA,16789,3930,9709,NA,19511,30685,183121,238406,548,4989,4913,25703,3748,60892,126984,7577;;;;;;;;;;;;;;;
199303,NA,28.052,NA,19237,5818,13378,NA,25891,39068,177102,364201,654,5399,7823,40411,4494,77093,161338,7342;;;;;;;;;;;;;;;
199304,NA,29.035,NA,15844,5306,11876,NA,23400,41231,154578,339769,700,5209,8750,45118,3129,67525,135469,7842;;;;;;;;;;;;;;;
199305,NA,26.202,NA,7223,5206,10546,NA,20620,34090,144243,282038,710,5735,7518,39424,2490,69440,136386,7214;;;;;;;;;;;;;;;
199306,NA,26.488,NA,7368,4808,10488,NA,20304,36693,152615,286140,859,5660,7277,32030,2394,77285,113919,5740;;;;;;;;;;;;;;;
199307,NA,20.256,NA,8515,3595,7205,NA,22418,34932,151859,267233,757,7033,6783,31185,2765,90288,35376,6809;;;;;;;;;;;;;;;
199308,NA,15.742,NA,6728,4025,7943,NA,16764,29258,66509,210452,698,5652,6627,22456,1720,49920,440206,3739;;;;;;;;;;;;;;;
199309,NA,19.069,NA,8997,5282,10888,NA,16139,30337,117329,255602,761,6552,6672,25342,1960,52187,136100,3281;;;;;;;;;;;;;;;
199310,NA,20.866,NA,13036,4583,12241,NA,16792,36054,122863,252567,713.469,6950,7083,24427,2293,58109,126305,2744;;;;;;;;;;;;;;;
199311,NA,16.591,NA,11222,4057,12669,NA,18516,26359,114038,229204,635.935,6372,6794,18318,1868,57913,127674,1862;;;;;;;;;;;;;;;
199312,NA,13.682,NA,16374,2948,12322,NA,23559,8708,80180,230336,721.865,6346,6244,10468,1709,71659,73730,723;;;;;;;;;;;;;;;
199401,NA,20.758,NA,7552,8196,10782,NA,16408,65648,190641,249211,649.8,8297,7567,27836,2020,54983,198525,10077;;;;;;;;;;;;;;;
199402,NA,19.459,NA,8032,4695,11008,NA,18442,33758,147032,243597,593.2,6577,9337,23984,3599,64492,145710,9375;;;;;;;;;;;;;;;
199403,NA,25.113,NA,10360,6619,16369,NA,23895,46673,180515,372668,773.6,7937,14958,43855,3839,88829,185201,10736;;;;;;;;;;;;;;;
199404,NA,29.459,NA,12500,6334,15838,NA,19728,41556,135412,288821,796.6,8679,12770,35869,3647,72160,142009,9014;;;;;;;;;;;;;;;
199405,NA,30.46,NA,10500,7401,15756,NA,23372,37178,159909,305228,767.2,8981,13358,34911,2901,89923,150070,9843;;;;;;;;;;;;;;;
199406,NA,30.049,NA,10500,6009,16052,NA,22716,43357,155103,303772,900.8,9431,16136,34420,2913,98037,134748,7533;;;;;;;;;;;;;;;
199407,NA,18.649,NA,8500,4610,8242,NA,23778,31742,147731,254177,803.9,9430,11271,32935,2400,104822,34489,7153;;;;;;;;;;;;;;;
199408,NA,17.338,NA,7600,4949,9684,NA,14724,26619,73023,199537,697.3,7419,10692,22982,1570,65909,452566,4635;;;;;;;;;;;;;;;
199409,NA,19.605,NA,6800,5819,12905,NA,12068,33752,124535,255486,809.2,8695,11476,24990,1785,65229,144998,3871;;;;;;;;;;;;;;;
199410,NA,21.141,NA,7800,5264,13579,NA,14217,33573,131136,246818,744.2,8844,11434,23011,2101,71934,122526,2810;;;;;;;;;;;;;;;
199411,NA,18.454,NA,9400,4235,14600,NA,19140,29661,133149,245965,660,9373,10549,19832,1811,68761,126854,1939;;;;;;;;;;;;;;;
199412,NA,15.407,NA,10000,3070,14763,NA,24428,10487,94223,243944,707.3,7041,9446,11222,1538,93892,73237,787;;;;;;;;;;;;;;;
199501,333,23.03,NA,11839,10318,13944,NA,15642,69517,200973,246560,665.6,9194,9731,28105,1981,54516,191186,10817;;;;;;;;;;;;;;;
199502,493,19.848,NA,8574,6095,13123,NA,15236,37168,153614,241142,600.5,8045,12202,23947,3462,66959,152329,8916;;;;;;;;;;;;;;;
199503,712,25.008,NA,10268,7766,17457,NA,21351,46096,176251,360744,707.9,10571,15926,40975,3910,95816,181849,9697;;;;;;;;;;;;;;;
199504,654,29.18,NA,12901,7686,15490,NA,18032,39175,141129,297329,700.1,8354,12818,37599,3206,74764,138770,10314;;;;;;;;;;;;;;;
199505,932,30.179,NA,11171,8543,16420,NA,18930,40592,167720,321607,706.5,10823,12932,39684,2716,82896,152658,9775;;;;;;;;;;;;;;;
199506,962,28.086,NA,11725,7040,15827,NA,20599,46896,160806,326766,851.3,10356,13154,35509,2315,104499,134901,7125;;;;;;;;;;;;;;;
199507,709,20.213,NA,10995,5247,8731,NA,21323,31726,156190,268387,795.5,10662,9840,32141,2343,77089,33459,9007;;;;;;;;;;;;;;;
199508,612,16.769,NA,8843,5701,11281,NA,14329,28749,80223,216764,785.2,8936,9702,23448,1615,53244,468945,6000;;;;;;;;;;;;;;;
199509,654,18.292,NA,8426,6142,14679,NA,11220,31928,127038,272191,809.7,9083,10191,24641,1783,52305,140069,4155;;;;;;;;;;;;;;;
199510,635,24.088,NA,11042,6731,17270,NA,13638,36646,117765,267454,749,10092,10569,25377,2100,63467,136605,3692;;;;;;;;;;;;;;;
199511,643,18.712,NA,10059,5239,15629,NA,14430,30073,151379,262242,672.4,9403,10186,20933,1950,66340,143055,2236;;;;;;;;;;;;;;;
199512,536,14.57,NA,9180,3382,15209,NA,16741,9376,99114,232875,663.1,5100,8461,13850,1425,78602,71540,996;;;;;;;;;;;;;;;
199601,595,26.469,205,14036,13452,11714,NA,17231,68099,198028,275607,649,12103,9214,29329,2006,59920,191761,12773;;;;;;;;;;;;;;;
199602,706,20.143,234,10257,7549,15207,NA,17902,39920,163128,266700,630.1,11812,10521,25350,3224,77144,159013,12562;;;;;;;;;;;;;;;
199603,908,23.898,251,12437,8346,14686,NA,22849,46962,176518,375378,739.8,14551,16487,44703,3789,100558,180275,13479;;;;;;;;;;;;;;;
199604,840,32.365,385,14602,9373,16683,NA,19117,42183,152156,421201,725.7,12833,14734,51148,4153,79022,162618,14280;;;;;;;;;;;;;;;
199605,1139,29.176,466,13907,9405,17703,NA,20180,46347,162798,338790,817.8,14584,15441,60813,3100,87925,165685,13839;;;;;;;;;;;;;;;
199606,1189,29.892,419,11206,7938,17740,NA,18987,46346,148122,316540,871.1,13480,12957,28217,2527,83857,141266,9168;;;;;;;;;;;;;;;
199607,1041,21.454,453,14852,7687,13368,NA,23346,38406,160158,304959,766.8,16063,11058,31462,3015,108722,39150,10959;;;;;;;;;;;;;;;
199608,934,15.355,424,9183,7217,13341,NA,13493,31299,73249,228316,687.4,11890,10382,24407,1504,55307,479407,6582;;;;;;;;;;;;;;;
199609,909,19.703,452,8942,6762,17030,NA,12541,33666,114832,328624,758.9,12260,9831,25476,1847,63510,138059,5162;;;;;;;;;;;;;;;
199610,915,19.388,382,11425,7943,22553,NA,16303,38311,144853,285918,730.6,15520,12073,27131,2314,84894,154733,4815;;;;;;;;;;;;;;;
199611,799,18.326,407,10968,6039,21173,NA,15814,31073,129955,260066,576.3,13153,10535,20363,1673,75842,135342,3768;;;;;;;;;;;;;;;
199612,623,16.045,450,8006,4119,18956,NA,20147,9377,108390,232997,624.3,10712,8693,14389,1602,91662,78141,1946;;;;;;;;;;;;;;;
199701,862,22.096,257,17457,13460,16706,NA,15960,71959,203844,266069,632.5,14661,10167,27694,2247,73656,206985,14691;;;;;;;;;;;;;;;
199702,905,18.557,320,11234,7936,19172,NA,17518,41221,194954,259584,601.8,12435,12494,26008,3862,78991,163492,12982;;;;;;;;;;;;;;;
199703,740,27.429,402,12315,8866,22319,NA,22156,45816,218651,343427,742,11602,16638,40580,3586,103288,179985,13548;;;;;;;;;;;;;;;
199704,1335,29.783,834,17090,10728,26352,NA,18915,44378,228989,350773,700.1,16066,15459,43464,4047,95990,182747,14131;;;;;;;;;;;;;;;
199705,1289,26.537,840,14721,9299,22090,NA,18797,42129,230822,292660,723.9,15082,29700,33785,2838,94255,169886,14159;;;;;;;;;;;;;;;
199706,1417,30.062,812,14452,9004,23406,NA,18710,43933,219428,344194,771.5,14632,8111,34894,2727,100081,151620,10414;;;;;;;;;;;;;;;
199707,1534,19.868,1133,16363,8252,18089,NA,22389,38317,246590,326394,756.5,16229,8244,34800,2730,126509,36069,11420;;;;;;;;;;;;;;;
199708,1035,19.774,990,10413,7947,17988,NA,13225,31920,108150,243320,681.8,12215,9450,24653,1648,64558,525539,7870;;;;;;;;;;;;;;;
199709,1098,20.234,1123,9951,8113,22069,NA,12854,35107,205011,277608,772,12937,10296,27311,2007,69533,160739,6340;;;;;;;;;;;;;;;
199710,1252,20.261,1230,13259,8897,25849,NA,16252,41942,228629,308505,664.2,14422,11887,26946,2450,95657,156706,6869;;;;;;;;;;;;;;;
199711,916,22.485,827,11461,6685,23202,NA,16239,30219,187794,250698,546.8,12793,10491,20550,1966,84378,152323,6777;;;;;;;;;;;;;;;
199712,753,13.539,680,11151,5320,21702,NA,20621,11349,130835,264956,627.6,12678,9670,13266,1695,104294,84634,6637;;;;;;;;;;;;;;;
199801,1010,20.772,456,18486,14080,20599,4235,15853,75424,274825,261646,568.1,10769,12039,29696,2433,78494,232055,17192;;;;;;;;;;;;;;;
199802,1007,21.974,514,14252,9188,20876,5456,17705,43752,226631,280249,578.8,10753,12765,27946,3723,94249,177133,15480;;;;;;;;;;;;;;;
199803,1125,25.126,675,12300,10871,24539,6742,25295,48616,225438,435821,665.5,14245,16734,41910,4325,120207,213374,14703;;;;;;;;;;;;;;;
199804,1427,30.608,878,22608,11986,26815,5730,21772,47517,229442,299220,642.6,13776,15731,44291,4493,108310,171690,16903;;;;;;;;;;;;;;;
199805,1685,29.436,1027,16501,11223,24990,6011,23549,47381,209554,318830,784.7,15759,13111,36435,3399,107003,172851,15921;;;;;;;;;;;;;;;
199806,1930,28.908,828,15995,11227,27020,6361,23161,49311,211401,343477,812.8,14326,21053,35137,3083,124611,169789,13381;;;;;;;;;;;;;;;
199807,1970,24.958,861,18826,10031,20642,6639,26050,49565,256570,323079,734.5,16596,11990,37854,3247,146965,37896,13779;;;;;;;;;;;;;;;
199808,1239,20.658,485,11581,9235,20112,4520,15553,35408,99465,256002,633.8,11872,11872,28984,1928,72185,505312,9127;;;;;;;;;;;;;;;
199809,1481,20.757,615,11268,10237,23823,5290,16677,44363,176288,302567,755,12210,12383,30234,2377,79475,163380,6676;;;;;;;;;;;;;;;
199810,1517,25.432,648,12676,10363,26980,6206,19106,48147,180741,327296,677.6,11741,11544,30897,2831,113394,155263,6511;;;;;;;;;;;;;;;
199811,1296,26.464,595,7677,9186,24987,4882,20999,40578,173521,297152,569.8,11241,11781,25633,2388,110547,152314,5419;;;;;;;;;;;;;;;
199812,1009,20.072,818,17975,8124,25288,5061,22678,12916,114640,290648,615,7992,11235,16499,2126,127530,96346,3447;;;;;;;;;;;;;;;
199901,1253,23.545,357,31024,14970,19866,5569,20503,91926,225575,273341,539.4,10384,10375,31790,3127,88938,181842,13578;;;;;;;;;;;;;;;
199902,1373,20.074,384,17990,9918,22583,6537,24983,51787,217801,269260,642.9,9615,12059,22824,4437,115718,84040,19470;;;;;;;;;;;;;;;
199903,1945,29.644,722,23591,12617,30879,10016,31682,60985,250952,429896,688,11783,17073,50517,5478,157049,370060,23411;;;;;;;;;;;;;;;
199904,1734,33.64,672,24865,14036,27367,6993,25105,58839,222826,368130,713.9,10704,13184,48190,4384,120868,183047,18190;;;;;;;;;;;;;;;
199905,1773,30.339,500,23176,12814,29182,9056,25392,54057,217648,333676,702.6,10682,13246,40547,3552,130869,175898,18979;;;;;;;;;;;;;;;
199906,2355,34.164,540,24017,12808,31292,11513,26651,58666,230294,363223,845.4,11938,14454,41459,3678,155497,196442,17296;;;;;;;;;;;;;;;
199907,2205,27.671,565,24916,11155,24377,4693,29679,51994,231638,341045,757.7,13999,11441,39169,3611,170428,167324,16588;;;;;;;;;;;;;;;
199908,1465,21.776,521,16832,10672,22724,3434,17642,38784,94203,262766,723,10439,9938,30461,2260,89970,74444,12561;;;;;;;;;;;;;;;
199909,1468,24.076,577,14094,11629,27502,4909,17302,48741,169447,308979,816.9,11631,9995,33018,2699,97469,386999,10405;;;;;;;;;;;;;;;
199910,1236,24.78,703,20493,10639,30498,5411,18380,46688,183905,292985,716.5,11727,10023,27941,3071,121143,149614,8537;;;;;;;;;;;;;;;
199911,1185,24.432,595,23886,9136,32028,4782,19623,39172,170767,274378,620.9,12072,10226,26053,2510,124069,143323,7304;;;;;;;;;;;;;;;
199912,993,20.55,728,16827,5930,37334,4304,15941,9848,123352,284497,704.9,9733,12218,15961,2182,130513,84582,4003;;;;;;;;;;;;;;;
200001,1346,21.242,508,30515,17327,19719,4776,24666,88909,266004,234310,655.2,12774,8635,31382,3016,102861,185040,20100;;;;;;;;;;;;;;;
200002,1256,23.661,629,25779,11781,24423,6693,22397,53660,241304,273186,655.5,10810,10017,29035,4671,129416,73735,29419;;;;;;;;;;;;;;;
200003,1475,33.352,900,27460,12515,34080,2444,27018,66735,260352,386127,876.8,12708,12672,47099,5218,155434,401996,30125;;;;;;;;;;;;;;;
200004,1381,31.23,832,27763,11627,30734,5188,22317,54935,213827,275491,718.7,10474,10522,43906,4746,130722,168200,27147;;;;;;;;;;;;;;;
200005,2010,33.469,1062,27989,15001,39066,5455,23662,58125,236914,351647,751.2,13753,12028,44347,4814,134991,194113,27832;;;;;;;;;;;;;;;
200006,2315,28.731,910,27369,12052,33739,5595,25031,48437,198694,292878,889.3,11735,10463,37146,3545,152985,193360,23874;;;;;;;;;;;;;;;
200007,1586,26.518,853,27398,9842,23840,4973,23711,40943,223320,276542,758,13024,8755,34443,3341,158495,155108,19728;;;;;;;;;;;;;;;
200008,1495,23.952,967,21732,10252,28105,4072,19389,42239,111683,251320,721,11091,8329,31274,2439,90741,72708,15847;;;;;;;;;;;;;;;
200009,1385,24.056,860,19846,9660,30290,4274,15380,43349,183096,270393,823.9,10721,7802,29318,2637,91615,353494,11477;;;;;;;;;;;;;;;
200010,1111,25.018,997,20134,9797,29358,4806,17249,42978,188091,259474,744.1,10984,7680,29150,3085,106576,153541,9301;;;;;;;;;;;;;;;
200011,967,19.811,930,20006,8016,29294,3458,19381,40458,176500,266114,628.2,11180,7369,25991,2737,110689,162572,6933;;;;;;;;;;;;;;;
200012,787,23.442,792,14231,6733,32001,3386,17635,16857,123236,240861,635.4,9494,9361,17880,2055,102635,107803,3486;;;;;;;;;;;;;;;
200101,813,23.671,800,29440,12547,20277,4374,23316,70380,272048,242242,667.3,11275,6227,30289,3416,98855,187908,16528;;;;;;;;;;;;;;;
200102,693,23.051,858,22780,8313,21487,4954,19047,41757,224756,236150,633.6,10204,7124,26180,4402,123550,79151,22258;;;;;;;;;;;;;;;
200103,815,31.21,1053,25033,10055,28105,5888,25607,56536,251686,356024,782.4,13361,9311,44730,5355,156510,408024,22146;;;;;;;;;;;;;;;
200104,840,30.753,1084,25284,9356,26981,4653,20001,43492,220797,295013,719.6,10606,9061,42461,4271,127732,179996,19027;;;;;;;;;;;;;;;
200105,1011,33.176,1464,28780,11415,29784,4857,27799,49985,234924,330325,708.7,12035,10101,40335,4228,141471,198620,19436;;;;;;;;;;;;;;;
200106,1326,30.491,1256,27691,10365,28683,4812,27778,49796,217685,302643,849.7,10956,10061,35673,3825,157402,215325,15688;;;;;;;;;;;;;;;
200107,756,27.112,1227,29251,9017,19135,4673,26916,45216,216085,277252,733.5,12763,7290,35476,3878,168514,173038,14558;;;;;;;;;;;;;;;
200108,669,23.427,1040,21842,8997,22203,3737,16066,41755,107329,256418,711.1,11504,7730,28043,2709,93625,77368,10609;;;;;;;;;;;;;;;
200109,547,21.727,917,18331,8198,22146,3502,15462,40596,159738,257918,680.6,10522,6668,25720,2552,88244,443265,6799;;;;;;;;;;;;;;;
200110,635,24.567,1271,20453,8714,24429,4230,17820,43796,198363,284317,790.7,11770,7198,28667,3567,118303,185325,6563;;;;;;;;;;;;;;;
200111,514,25.553,997,18851,7314,23916,3845,17690,38260,178812,277242,670.4,10638,7461,23826,2917,113488,184278,4816;;;;;;;;;;;;;;;
200112,401,19.842,855,12478,5137,23116,2791,17708,8662,131155,226174,636.3,8141,7882,14414,2044,111155,126471,2480;;;;;;;;;;;;;;;
200201,518,21.85,1079,27021,12134,19303,4420,18960,70836,246886,243400,619,10088,7034,27235,3385,102641,205476,14724;;;;;;;;;;;;;;;
200202,509,21.609,911,21403,8456,21274,4615,19831,42523,198127,233281,599.8,9806,8122,25340,4734,111442,93515,19424;;;;;;;;;;;;;;;
200203,486,27.87,1001,23348,9520,26565,5646,23478,47044,211779,321840,730.3,10049,10242,39140,5296,133241,423727,21391;;;;;;;;;;;;;;;
200204,638,29.709,1607,29365,11098,27422,4303,18895,40361,193976,304326,702.7,12187,10028,39565,5297,119478,208976,17215;;;;;;;;;;;;;;;
200205,1070,29.488,1606,23403,12731,28869,4452,25972,44727,207677,282632,703.4,11503,11904,34273,4089,134678,208669,18775;;;;;;;;;;;;;;;
200206,1211,29.244,1298,23003,10868,26529,4238,24028,46950,180406,308450,795.6,10619,11250,33120,3818,131672,207330,13017;;;;;;;;;;;;;;;
200207,872,26.529,1413,29109,10300,20542,4582,25442,39902,204490,282560,740.5,13340,9191,34201,3831,159921,195637,14385;;;;;;;;;;;;;;;
200208,707,19.697,1269,19310,10233,22252,3232,13553,36259,100615,244287,692.2,11027,8825,24605,2208,85406,87245,10044;;;;;;;;;;;;;;;
200209,604,21.597,1080,21154,9000,25293,3774,13729,40883,165982,266005,761.1,10811,8768,26754,2818,86662,432661,7649;;;;;;;;;;;;;;;
200210,810,23.622,1304,21065,9718,27319,4484,15344,43153,192258,281057,631.5,12088,9048,29588,3584,118911,184145,6598;;;;;;;;;;;;;;;
200211,573,21.289,1208,17655,8071,25297,4009,13730,37660,179355,256564,540.2,10239,8155,23301,2732,104093,171764,4497;;;;;;;;;;;;;;;
200212,489,20.53,925,12653,4905,23254,3104,13130,20404,198061,228496,554.3,8064,9031,16460,1892,120281,144576,2766;;;;;;;;;;;;;;;
200301,896,19.53,1246,29858,14040,22571,4622,14951,68883,210581,237778,623,9906,6686,28694,3211,98419,186769,17051;;;;;;;;;;;;;;;
200302,890,18.16,1008,20119,11054,22423,5096,15098,38727,212570,230417,571.8,9605,6860,24058,4681,105764,88096,20182;;;;;;;;;;;;;;;
200303,912,23.419,1246,20176,11937,28834,5648,17721,44725,272217,318659,717,10223,8002,39379,5193,129110,438075,18564;;;;;;;;;;;;;;;
200304,1063,26.451,1538,23779,12981,27615,5428,17064,39652,183787,287350,629.3,10310,7784,42991,5283,129000,194312,18484;;;;;;;;;;;;;;;
200305,1672,27.086,1502,22736,14800,29681,5271,16861,45339,184860,304953,651.2,11587,8987,37616,4023,128543,200059,15365;;;;;;;;;;;;;;;
200306,1721,28.119,1334,24552,14706,29066,5801,17970,50363,190135,299174,749.1,10815,9072,36622,3430,147115,240174,12180;;;;;;;;;;;;;;;
200307,1422,25.179,1463,25938,13527,22098,5234,20340,40723,219450,288084,660.6,12724,8131,37975,3751,172772,196762,13313;;;;;;;;;;;;;;;
200308,996,18.421,1198,18586,12670,21470,3758,11955,36377,89732,228001,619,9735,7154,27732,2431,90285,89338,8859;;;;;;;;;;;;;;;
200309,1006,20.427,1395,15385,11387,26148,4411,13170,42484,181015,285208,757.2,11076,7922,30308,2960,101611,439365,6830;;;;;;;;;;;;;;;
200310,1067,22.596,1503,23499,13010,29431,4859,13828,38132,190100,269124,568.8,12660,8068,31508,3763,132596,181589,6371;;;;;;;;;;;;;;;
200311,902,20.754,1250,17834,10427,23901,4695,14709,32035,170131,256205,510.4,11019,8318,25012,2774,120519,169059,3781;;;;;;;;;;;;;;;
200312,742,19.569,1141,14831,6866,23839,5058,16125,11401,142466,231985,572.8,9147,9517,21333,2270,136793,155452,2012;;;;;;;;;;;;;;;
200401,963,18.271,1379,32006,18375,19134,5306,14446,69895,220742,208212,513,10898,7708,27828,3392,108819,197591,16875;;;;;;;;;;;;;;;
200402,952,18.372,1096,22140,11579,20844,5925,14519,39021,207035,224092,599.6,11365,7533,23759,4332,130624,91460,20084;;;;;;;;;;;;;;;
200403,1307,25.824,1445,27231,13084,29743,6992,21176,46929,249711,332963,682.4,14141,10480,42131,6214,166063,466954,21150;;;;;;;;;;;;;;;
200404,1384,26.833,2053,28929,14072,30351,6256,16863,41583,208769,297126,653.9,12354,10709,45913,5811,136515,187003,19057;;;;;;;;;;;;;;;
200405,1617,26.45,1732,24528,13327,28915,5821,19457,38593,207022,282562,705.3,12380,10040,39059,4411,142294,194480,16153;;;;;;;;;;;;;;;
200406,2277,27.946,1277,31911,13168,32539,5429,19504,49182,198273,311162,699.6,13431,12593,41852,4342,170875,239077,13619;;;;;;;;;;;;;;;
200407,1654,22.938,1273,27595,10673,20888,5468,18725,38980,208793,267620,668.3,13923,9321,37725,4017,181150,187632,14144;;;;;;;;;;;;;;;
200408,1122,18.995,1135,19491,10139,21570,3927,12551,32257,86121,220862,643.1,11123,9134,28222,2416,98512,84996,9599;;;;;;;;;;;;;;;
200409,1318,19.579,1327,19782,11032,26357,4432,13662,40658,180445,274538,634.4,12692,10505,31379,3205,108919,430763,7390;;;;;;;;;;;;;;;
200410,1256,20.941,1371,20106,11157,26453,4520,14459,39418,175181,281180,569,13191,10555,30398,4015,130880,170866,5830;;;;;;;;;;;;;;;
200411,1303,21.075,1323,22003,9704,26703,4579,17324,34599,172213,284761,539.8,13477,11430,28881,3390,136867,172094,3763;;;;;;;;;;;;;;;
200412,1348,20.252,1103,13969,6332,28039,4042,14959,12630,150384,281748,568.4,16146,12535,25703,2616,142280,144353,2033;;;;;;;;;;;;;;;
200501,1813,17.562,1467,31742,18162,19510,5728,16524,70943,214440,200419,546.7,9769,10014,27728,3793,115396,181474,20002;;;;;;;;;;;;;;;
200502,1608,16.557,1199,20480,11189,21542,5035,15541,34161,197582,218841,560.6,11003,9697,22355,4888,130876,77092,24153;;;;;;;;;;;;;;;
200503,1779,24.348,1697,25616,12915,27288,5891,21118,45589,230473,331538,683.6,12415,12542,41599,5931,162061,442939,23160;;;;;;;;;;;;;;;
200504,2415,27.792,2009,26273,14957,30022,6030,16723,40985,197715,309378,634.2,13314,14054,48196,5312,146986,179457,20864;;;;;;;;;;;;;;;
200505,2866,24.59,1934,23733,14796,29844,5752,20288,37132,151133,299992,675,13003,13080,40767,4448,153558,187900,18331;;;;;;;;;;;;;;;
200506,3394,26.737,1900,25599,14267,30481,5923,26552,45056,236488,336629,718.9,13296,15192,45758,4299,173667,227623,14950;;;;;;;;;;;;;;;
200507,2519,21.673,1672,26379,11457,20453,4961,19202,38003,214088,270936,681.4,14238,11866,36734,3941,175901,175277,14149;;;;;;;;;;;;;;;
200508,1936,18.148,1550,20818,11544,23547,3877,11222,32898,98133,246666,713.6,12488,11961,30468,2773,107722,83066,11086;;;;;;;;;;;;;;;
200509,2006,20.993,1606,19418,11882,29056,4635,13506,43488,188417,284172,669.1,12732,12603,32796,3470,114825,417052,7475;;;;;;;;;;;;;;;
200510,1824,20.553,1482,18754,11237,26704,4611,14168,34987,186745,289653,581.7,12460,11618,29023,3837,119667,152497,6290;;;;;;;;;;;;;;;
200511,1983,20.598,1707,19145,10023,26876,4396,16056,33134,179411,276144,527.6,12774,12573,26638,3431,132626,158474,3779;;;;;;;;;;;;;;;
200512,1792,21.131,1420,11771,5732,26456,3692,15588,8776,142819,257761,560.9,13410,13378,21481,2394,143422,156866,2134;;;;;;;;;;;;;;;
200601,2027,18.469,1886,29792,18446,19173,5323,15631,69231,239651,223108,593.9,10325,11304,27266,4167,115490,157363,24605;;;;;;;;;;;;;;;
200602,2237,17.013,1537,21198,11615,20326,5231,15446,39817,211563,215963,601.8,10417,10664,23897,4223,128831,75996,26384;;;;;;;;;;;;;;;
200603,2879,27.057,1807,25069,13748,28007,6499,20886,50980,252901,358072,676.2,13496,14376,45804,5832,176075,435847,24858;;;;;;;;;;;;;;;
200604,1752,24.362,2104,23520,12250,28751,5559,17072,36830,187508,284873,692.7,11438,13376,47042,5507,131631,163216,20634;;;;;;;;;;;;;;;
200605,2369,27.575,2817,26427,15142,32556,5616,19033,41327,228643,330102,742.3,14261,15831,42579,5822,155805,190002,18951;;;;;;;;;;;;;;;
200606,3220,29.785,2452,26652,15098,31662,5421,21594,48673,209265,323776,716.1,13442,17091,40104,4911,171028,219497,15048;;;;;;;;;;;;;;;
200607,1793,21.385,2100,26643,10663,21791,5026,18402,36332,192083,265845,715.6,14594,11536,36257,4059,169034,168015,14905;;;;;;;;;;;;;;;
200608,1498,17.317,2354,19271,11068,24677,4100,11695,34110,97168,244757,708.6,12798,12075,32054,2801,105190,77961,10749;;;;;;;;;;;;;;;
200609,1528,19.604,2062,18355,11729,27242,4441,12399,39608,184406,298179,632.1,12774,12312,31979,3241,107510,413991,7259;;;;;;;;;;;;;;;
200610,1390,21.089,2253,19619,11122,26796,4754,14235,38892,189235,293832,558.2,12195,12436,31018,4018,128178,153851,5479;;;;;;;;;;;;;;;
200611,1395,21.973,2250,18520,9031,27169,4510,14704,35162,192726,326038,534.1,12221,12652,28916,3730,135134,155315,3074;;;;;;;;;;;;;;;
200612,1032,22.542,1750,12603,5788,25672,3405,13605,13008,140903,303416,595.8,16257,13066,21856,2521,136721,133810,1509;;;;;;;;;;;;;;;
200701,1310,18.313,2704,31685,16893,22865,5008,14463,68719,250311,199686,560.8,15512,11684,27662,3908,125983,165603,29281;;;;;;;;;;;;;;;
200702,1326,18.792,2133,19842,10574,22471,5258,14105,41382,225695,183258,552.8,12594,10810,26740,4506,123324,73586,26495;;;;;;;;;;;;;;;
200703,1619,26.108,2812,27786,12735,30599,6692,20880,51268,261371,334592,683.6,14958,14443,45222,6007,175328,449287,25974;;;;;;;;;;;;;;;
200704,1532,24.729,2882,22616,12295,30533,6317,16280,39025,207777,264871,659.4,11816,12274,43881,5612,123846,170163,21427;;;;;;;;;;;;;;;
200705,2544,26.911,3231,29251,13130,33526,6424,18788,42135,248195,293484,753.4,15826,14342,40137,4598,155399,185797,20232;;;;;;;;;;;;;;;
200706,3030,31.063,3029,28326,11780,30430,6513,23022,52575,228925,301108,682.2,14838,15181,42551,4621,167883,222863,15465;;;;;;;;;;;;;;;
200707,2154,24.769,2649,27868,10435,23399,5732,22554,39141,214194,258639,684.1,16517,13434,35426,4231,168611,176277,15738;;;;;;;;;;;;;;;
200708,2141,21.122,2568,21524,11025,26063,4855,11786,41303,104860,239381,663.1,14963,13367,31866,2929,100785,77649,10006;;;;;;;;;;;;;;;
200709,1700,20.69,2211,19369,9821,26186,5076,12994,40625,186381,265473,607,12959,13440,29511,3483,98669,419290,6674;;;;;;;;;;;;;;;
200710,1907,24.222,2572,21088,11079,31315,6188,15679,42251,207048,281845,572.1,15771,14505,31887,4688,130446,166797,5301;;;;;;;;;;;;;;;
200711,1938,24.681,2461,19976,3753,29681,5279,15917,38151,196125,283921,568.1,14342,15189,28123,3823,125392,158735,2857;;;;;;;;;;;;;;;
200712,1402,22.572,1664,10414,2097,31470,4449,15348,8963,162223,241905,575.5,12602,13812,23906,2926,138140,137960,1304;;;;;;;;;;;;;;;
200801,2089,21.664,2706,33583,21544,19343,6328,15845,66329,233708,220742,544.9,12637,14392,27490,3982,104957,162097,32961;;;;;;;;;;;;;;;
200802,1551,21.824,2199,23292,12019,22898,6139,17339,50326,218767,228623,562.5,13823,12963,29658,4152,124841,69610,24290;;;;;;;;;;;;;;;
200803,1245,23.672,2532,22396,12577,24980,6815,22045,47182,214246,286549,671,12403,12629,41514,5355,126355,451642,20190;;;;;;;;;;;;;;;
200804,977,29.078,2798,28036,15512,30198,7948,18449,42247,203748,317960,671.2,15435,16095,47277,6419,125660,175668,17587;;;;;;;;;;;;;;;
200805,1535,26.929,2701,24739,14236,29129,6492,19757,45796,206406,275259,736.4,13527,14603,40479,5092,118124,179272,12172;;;;;;;;;;;;;;;
200806,2287,29.562,2267,26553,12155,26043,6800,20979,48233,186257,304036,711.7,12773,15375,46980,4902,116651,209190,7369;;;;;;;;;;;;;;;
200807,805,26.077,2337,29046,11192,19203,6732,21576,40079,193017,262534,645.6,13122,13002,35268,4811,123958,153420,16175;;;;;;;;;;;;;;;
200808,598,19.089,1598,19819,9459,19852,4583,12353,39596,77905,214386,574.7,10699,11344,27712,2918,60738,63225,6822;;;;;;;;;;;;;;;
200809,761,21.695,1680,18825,9871,24634,5523,13822,41275,177467,261384,538.1,11356,11996,30773,4053,67363,330295,4364;;;;;;;;;;;;;;;
200810,260,24.264,1710,19666,10164,23866,6048,14674,41875,169031,258814,437.1,10709,11323,32863,4488,79686,128352,2699;;;;;;;;;;;;;;;
200811,123,20.261,1120,13402,6452,18276,4379,15386,29783,139413,233772,348.3,8539,8329,24566,3426,64345,100333,1174;;;;;;;;;;;;;;;
200812,77,23.856,942,7938,4488,17922,3250,21164,7197,141715,225981,399.2,9392,8612,19605,2761,72760,108691,667;;;;;;;;;;;;;;;
200901,235,17.941,1017,20247,11566,12371,4770,8995,56166,158428,189385,331.5,6631,7786,23108,3157,60665,112087,10996;;;;;;;;;;;;;;;
200902,172,17.718,792,15592,7186,15508,4890,10030,33936,166320,277740,358.5,7763,7422,23057,4165,63295,54359,8793;;;;;;;;;;;;;;;
200903,117,23.769,895,13373,10741,19225,5561,12758,34532,215450,400965,445.8,9602,9827,36997,4768,77126,313912,7345;;;;;;;;;;;;;;;
200904,113,24.997,1164,14376,7445,19983,5054,12191,30261,189661,379626,443.1,9780,9037,51428,5875,67858,133475,5558;;;;;;;;;;;;;;;
200905,226,23.042,875,25997,7237,19760,4901,13113,30857,189876,384578,450.9,9733,9329,40439,4479,72316,134858,4840;;;;;;;;;;;;;;;
200906,810,26.826,982,23219,7913,24141,5316,16013,35460,210970,427111,482.4,10056,11277,46396,4028,98273,176264,4833;;;;;;;;;;;;;;;
200907,459,24.006,714,32627,6869,15913,5249,17151,33524,206332,339976,517.2,12536,9080,43357,4317,110674,157149,4355;;;;;;;;;;;;;;;
200908,189,17.94,600,22845,6118,16723,4025,10512,27825,85122,275219,669.5,10510,7909,30898,2579,60414,67006,2422;;;;;;;;;;;;;;;
200909,165,21.103,812,11956,7535,20793,4640,12094,33623,190386,316166,450.4,12443,9760,33224,3494,79284,367929,2272;;;;;;;;;;;;;;;
200910,109,22.894,728,11720,7626,22811,4857,15182,35618,196326,321120,406.4,13155,9969,32002,4301,100710,168942,1596;;;;;;;;;;;;;;;
200911,101,22.033,671,18091,6214,21185,4479,15588,27325,184101,279725,376.9,12330,9060,29935,3302,88510,158082,948;;;;;;;;;;;;;;;
200912,134,24.209,698,9687,4125,20115,3649,17386,8025,166493,215564,438.6,13123,11793,23065,2800,92052,150936,474;;;;;;;;;;;;;;;
201001,133,19.281,761,26585,12383,16352,5188,14558,62761,207267,181189,393,11657,10645,24214,3536,71200,145479,10469;;;;;;;;;;;;;;;
201002,117,18.899,562,13728,7594,18902,4886,15358,37566,201638,194846,392.1,11354,8590,25775,4081,92976,68686,11707;;;;;;;;;;;;;;;
201003,191,28.81,864,19053,9115,27331,6010,23836,44751,259115,294375,539.8,14507,13950,44979,5806,126607,397383,12379;;;;;;;;;;;;;;;
201004,112,26.055,861,12448,10410,27771,5583,16219,37543,160920,259414,493.7,13646,11953,45678,5941,95400,148793,9599;;;;;;;;;;;;;;;
201005,444,25.112,912,11928,10708,27275,5703,19250,36827,164704,249708,531.8,12772,12974,39202,5158,104491,153095,8893;;;;;;;;;;;;;;;
201006,1202,31.96,897,14790,12236,31039,5869,26029,50681,171753,289259,515.7,14124,15539,43399,5155,122603,195226,8314;;;;;;;;;;;;;;;
201007,485,25.659,891,11539,7315,22005,5291,20299,38487,153886,237428,480.4,15023,11669,40586,4434,84243,136446,7018;;;;;;;;;;;;;;;
201008,138,20.124,795,7167,8604,24074,4320,11932,36522,69262,200885,505.9,13426,11756,33457,2538,46564,55305,5310;;;;;;;;;;;;;;;
201009,164,22.349,969,5994,9690,27573,4807,13918,45544,155231,259748,484.1,14225,13534,35246,3297,57681,335246,4683;;;;;;;;;;;;;;;
201010,161,24.736,1067,7806,9547,27725,4872,15341,43572,140418,256775,415.9,13436,13593,33854,3832,62600,131495,3742;;;;;;;;;;;;;;;
201011,229,25.142,956,6771,8192,28083,4741,18606,36920,146088,262262,416.7,14452,13948,32936,3445,65686,139875,2146;;;;;;;;;;;;;;;
201012,301,28.47,764,3691,6195,30604,3507,28118,11393,131298,230371,463,12319,15463,24788,2503,69959,123817,647;;;;;;;;;;;;;;;
201101,232,21.437,1323,9747,13788,20453,5531,13221,74787,165172,211056,438.4,12503,12371,29674,3353,54431,128811,13624;;;;;;;;;;;;;;;
201102,226,23.286,936,6989,9304,22214,5423,13426,49019,161303,224426,491.5,12810,11542,31832,4410,67048,63424,13470;;;;;;;;;;;;;;;
201103,261,31.382,1486,8531,12585,31642,6041,18930,56601,188598,327921,627.8,15542,16776,48080,5660,88969,366101,12390;;;;;;;;;;;;;;;
201104,381,28.496,1538,10192,11406,31132,5130,14418,47637,158171,266251,557.7,13841,13425,46793,5221,72425,137746,11171;;;;;;;;;;;;;;;
201105,1100,30.324,1722,10076,13040,33466,5656,14714,49806,171642,304543,581.6,15813,16567,46934,5696,79322,150431,9359;;;;;;;;;;;;;;;
201106,1293,28.862,1458,9741,11235,30047,5948,17150,50499,169937,288382,505.4,12833,17022,42083,4256,84016,183125,9240;;;;;;;;;;;;;;;
201107,511,26.28,1292,9940,8616,21585,4872,14269,42092,138510,260907,488.3,14154,13061,39646,4529,79600,131634,6953;;;;;;;;;;;;;;;
201108,373,22.643,1427,7297,10024,26342,4272,8131,39062,70764,237561,514.6,14317,12492,34855,3018,48277,59346,3653;;;;;;;;;;;;;;;
201109,341,27.464,1541,6718,10111,28509,4621,9205,44382,147021,280689,482.5,14701,13794,38409,3466,56244,332476,2861;;;;;;;;;;;;;;;
201110,392,27.729,1523,5023,10070,26646,4657,9137,43635,133411,258253,451.9,14172,12377,34732,3923,58371,134944,2216;;;;;;;;;;;;;;;
201111,444,29.462,1690,7890,9060,28256,4302,9555,41081,133283,269144,449.3,14996,15026,35942,3707,61995,134027,1398;;;;;;;;;;;;;;;
201112,380,30.59,1135,5538,6891,26357,3360,11248,17243,111928,244501,492.2,13628,15341,28505,2642,66990,119188,597;;;;;;;;;;;;;;;
201201,361,24.922,1671,8451,14270,19909,5105,6959,70157,137744,210195,503.5,13101,12868,31455,3649,55471,128853,14507;;;;;;;;;;;;;;;
201202,368,24.461,1304,3827,10626,22020,4225,6902,43968,131269,224318,575.3,13333,14173,28485,4543,65213,61868,10993;;;;;;;;;;;;;;;
201203,509,33.964,1684,4901,22938,30436,5321,9643,52334,138816,339123,690.9,15972,13675,51138,5319,85074,372835,10581;;;;;;;;;;;;;;;
201204,835,29.373,1765,4409,4061,25391,4458,8400,41033,130320,274066,651.1,13377,12068,45999,5373,56861,142322,9388;;;;;;;;;;;;;;;
201205,1670,30.111,1942,5314,7316,28496,4761,10668,47759,147938,289977,662.8,15434,16621,44263,4833,73546,162288,7986;;;;;;;;;;;;;;;
201206,1727,40.947,1966,5527,7723,27766,5099,10803,76120,129113,296722,626.5,13780,14029,43907,4939,74187,189514,5481;;;;;;;;;;;;;;;
201207,699,24.487,1794,5757,6457,20283,4209,9256,30918,109616,247860,595,15191,16378,39351,4195,66228,143884,6164;;;;;;;;;;;;;;;
201208,582,22.205,1518,3886,7545,22984,3148,5442,32996,56715,226455,630.9,14958,13465,33664,2899,50355,59433,3736;;;;;;;;;;;;;;;
201209,568,21.317,1548,3463,8002,24012,3278,6357,31952,109543,250082,583.4,14083,13817,33873,3340,36369,359612,2783;;;;;;;;;;;;;;;
201210,616,26.631,1631,5111,8191,25803,3802,7387,26775,117398,259529,545.6,15699,15138,32505,4454,46140,151252,2442;;;;;;;;;;;;;;;
201211,583,26.869,1560,4164,7714,26749,3741,7133,30270,107058,259846,548.7,14831,16083,29026,3782,49146,149191,1421;;;;;;;;;;;;;;;
201212,627,28.758,1043,3669,6415,27486,2553,6359,18214,87478,204331,606.9,11360,10621,22263,3072,52048,123557,774;;;;;;;;;;;;;;;
201301,544,21.872,1713,5533,10258,17482,4458,7021,47959,114102,192090,569.8,14370,14718,31782,3375,50753,143643,10735;;;;;;;;;;;;;;;
201302,455,22.713,1364,4116,7891,19143,3875,7517,31900,108963,200683,600.4,13873,12169,25192,4090,59438,66749,9671;;;;;;;;;;;;;;;
201303,596,29.22,1630,4493,9499,24131,4671,9624,35558,132753,281184,683.2,13443,14890,41401,4850,73904,394806,10596;;;;;;;;;;;;;;;
201304,726,28.476,1936,5332,9865,26642,4827,8042,30405,116838,284444,675.4,17118,15683,44953,5160,63753,163357,8113;;;;;;;;;;;;;;;
201305,1714,27.468,2003,5242,10234,28575,4985,10093,30077,136850,261316,710.8,14957,16465,40471,4614,71887,180111,7095;;;;;;;;;;;;;;;
201306,1736,29.14,1703,5648,8810,25289,5963,12735,35039,122815,282913,665.6,13638,17426,41329,4320,74479,214957,3293;;;;;;;;;;;;;;;
201307,808,26.281,1811,6462,8457,20600,4351,10843,30470,108339,253146,669,14434,14133,39658,3905,77436,162228,9306;;;;;;;;;;;;;;;
201308,551,21.08,1589,3373,7739,23807,3460,6141,28294,53296,214044,673.5,14563,14074,31737,2554,41700,65937,4504;;;;;;;;;;;;;;;
201309,502,22.706,1569,3814,8219,25927,4060,7369,31393,106940,247199,622.5,14829,14388,31903,3158,47069,403136,3257;;;;;;;;;;;;;;;
201310,592,26.537,1798,4971,9093,27101,4663,9092,36307,111466,265441,561.9,15536,16653,32937,4499,62326,157314,2832;;;;;;;;;;;;;;;
201311,414,24.944,1577,5464,7463,26235,4004,8810,40354,102871,254651,531.1,14119,15809,27931,3544,57237,159581,1307;;;;;;;;;;;;;;;
201312,390,29.717,1002,4248,5927,27246,2651,8634,38918,89415,215320,590.8,12908,14235,26019,2555,62323,152918,639;;;;;;;;;;;;;;;
201401,671,20.977,1622,6385,12697,20334,4728,9261,44369,118464,205996,530.135,13252,16242,28210,3415,55298,154562,15975;;;;;;;;;;;;;;;
201402,628,22.454,1424,4356,8180,22651,4116,10547,33300,118976,209349,554.257,12998,14727,33080,4123,71090,68736,11906;;;;;;;;;;;;;;;
201403,697,26.879,1699,5866,9626,29520,5225,14152,29366,140189,296408,712.599,15811,16766,41621,4773,82068,464824,11485;;;;;;;;;;;;;;;
201404,893,27.905,2043,5444,9317,29917,4975,12314,28282,119850,274097,656.798,14134,16446,41840,5220,82502,176820,11757;;;;;;;;;;;;;;;
201405,2494,26.091,1987,7459,10114,29907,4833,13782,30944,132312,274804,730.35,14474,16833,36835,5198,85015,194032,7767;;;;;;;;;;;;;;;
201406,2263,28.012,1894,7964,9209,30843,4885,15735,32700,128272,277614,693.822,13521,17531,38933,4416,92668,228291,3390;;;;;;;;;;;;;;;
201407,979,27.61,1942,7627,8017,22791,4673,14169,29763,114793,270249,678.063,14338,14223,34765,4476,86884,172907,14037;;;;;;;;;;;;;;;
201408,681,19.856,1639,3693,7525,25605,3314,7741,25523,53505,213092,666.411,13660,14564,28463,2944,48539,72163,6201;;;;;;;;;;;;;;;
201409,734,21.821,1832,5055,8402,27781,4403,9707,29807,111027,260062,615.805,14088,14359,31625,3582,60222,425861,4376;;;;;;;;;;;;;;;
201410,750,26.401,2083,6003,8837,29594,5190,11795,35112,122445,275320,564.206,15483,16264,33025,4522,80156,179714,3082;;;;;;;;;;;;;;;
201411,572,23.695,1981,4983,7219,27008,4308,11719,32192,108546,250082,523.986,13365,15091,25806,3488,68559,172327,1465;;;;;;;;;;;;;;;
201412,616,32.382,989,6387,7092,28086,3436,11904,36214,92199,229700,628.096,14180,15363,21434,3636,77124,166198,920;;;;;;;;;;;;;;;
201501,848,19.129,1692,5848,10268,21299,5301,11840,47639,132109,211337,535.775,12175,16001,27595,3205,71281,164856,20105;;;;;;;;;;;;;;;
201502,825,22.373,1239,4894,7990,24847,4611,14307,33421,135310,223254,548.22,12331,13514,25192,3783,90520,76958,15384;;;;;;;;;;;;;;;
201503,1225,31.375,1993,6529,11098,33518,6082,20081,28642,162181,323039,705.728,16261,19538,42060,4868,116341,492774,17054;;;;;;;;;;;;;;;
201504,1588,28.503,2026,7801,9637,32047,5432,15016,26996,149693,291395,643.466,14621,16926,42160,5046,86782,185778,13166;;;;;;;;;;;;;;;
201505,3055,27.925,1747,9070,9117,31335,5470,18345,27758,147405,256385,702.132,13914,17002,35714,4231,98268,198706,9027;;;;;;;;;;;;;;;
201506,3012,33.492,2065,8999,8980,34414,5618,21072,36838,147652,313539,661.893,16244,21316,40442,4548,116057,257817,3924;;;;;;;;;;;;;;;
201507,1525,29.757,1945,5447,8723,26242,5225,15545,33820,132473,290196,652.024,14703,16202,37266,4334,108645,178420,21290;;;;;;;;;;;;;;;
201508,1097,23.33,1567,4470,8402,27821,4074,9437,30838,59584,226314,638.784,14621,16113,30469,2636,60738,79060,8572;;;;;;;;;;;;;;;
201509,1098,23.996,1846,5125,8515,31061,4617,12623,35031,130818,272479,600.422,14345,17738,33084,3376,76601,462517,5924;;;;;;;;;;;;;;;
201510,1050,25.447,1963,4946,9167,32675,5551,13719,38819,133606,278372,551.796,15027,16815,30898,4398,86664,177664,3943;;;;;;;;;;;;;;;
201511,1084,26.191,1618,5859,8998,32380,5165,13376,40344,134790,272377,539.103,14161,17067,28353,3412,87521,178876,1874;;;;;;;;;;;;;;;
201512,1134,32.133,1363,6816,7925,34293,3522,13142,68779,110056,247355,568.701,14325,18420,27806,2636,94614,180077,847;;;;;;;;;;;;;;;
201601,1537,20.338,1802,5700,11794,22383,5944,13940,40542,155851,218365,518.27,12237,16380,28034,3477,81731,169678,27106;;;;;;;;;;;;;;;
201602,1376,22.564,1685,3310,9666,28006,4905,18029,28096,173097,250146,576.413,13478,16590,28404,4448,104006,83395,21173;;;;;;;;;;;;;;;
201603,1696,29.481,2099,6316,11654,36057,6258,26459,29626,191409,322913,624.397,15150,19151,43453,5040,119302,518707,20096;;;;;;;;;;;;;;;
201604,2781,28.966,2247,9735,11088,35245,5635,15978,27610,168132,315921,577.248,15600,19856,43709,5233,107444,189505,14847;;;;;;;;;;;;;;;
201605,4189,26.131,2295,13489,10523,36610,6428,20851,28791,188657,286931,641.419,14319,21125,38588,5011,120060,203585,10125;;;;;;;;;;;;;;;
201606,3471,31.412,2024,8863,10753,38237,6598,23369,39249,166232,339563,587.965,15222,23623,44802,5106,131750,255766,4143;;;;;;;;;;;;;;;
201607,2139,26.127,1947,7034,8345,25650,5157,15632,31026,137223,278866,557.418,12474,15693,36744,4141,114862,178523,22462;;;;;;;;;;;;;;;
201608,1657,21.911,1849,4174,9201,28811,4030,10708,26846,72004,245076,586.232,14739,17361,33062,3359,69985,81640,9781;;;;;;;;;;;;;;;
201609,1459,26.151,1959,4595,9651,33570,5127,13960,33327,154393,298002,569.081,15401,18400,37963,3568,86478,469696,5842;;;;;;;;;;;;;;;
201610,1324,23.325,1911,4995,9166,33198,5286,14933,29814,147435,262724,499.16,13331,16993,31759,4275,90041,180168,3831;;;;;;;;;;;;;;;
201611,1395,26.171,1879,5897,9008,32396,5363,16483,32082,146397,276567,491.739,14523,17976,31284,3838,99985,184101,1846;;;;;;;;;;;;;;;
201612,1271,35.008,1381,4765,8151,37851,4168,16988,35505,125062,256533,553.648,14768,19325,32846,3065,104419,178022,679;;;;;;;;;;;;;;;
201701,1757,19.994,2044,6460,12744,24039,6604,15028,51121,172035,241399,446.234,14635,19490,30615,4108,91897,174564,26668;;;;;;;;;;;;;;;
201702,1811,23.123,1654,5192,9168,28484,5821,18861,31986,184349,243602,502.097,13239,17444,30536,4042,106556,83115,16905;;;;;;;;;;;;;;;
201703,2711,30.892,2348,9445,11214,39476,6756,25980,36589,226780,359683,569.319,15211,22732,50155,5191,135459,562337,17180;;;;;;;;;;;;;;;
201704,2604,25.995,2343,8452,9399,31841,6102,18830,29182,160969,290697,525.484,12736,17639,41193,4864,109396,152076,13427;;;;;;;;;;;;;;;
201705,5005,28.375,2594,10666,11058,37151,6953,23653,36310,204806,323952,581.319,15896,22312,44030,5535,136168,186265,9581;;;;;;;;;;;;;;;
201706,4420,32.141,2728,10141,10868,39881,7638,24834,40785,188363,327693,508.8,16061,23982,46694,5206,141251,243454,3585;;;;;;;;;;;;;;;
201707,2677,24.798,2069,8421,8855,26164,5403,17572,32433,145944,283080,505.098,13199,15221,38090,4529,119773,161997,21316;;;;;;;;;;;;;;;
201708,2300,23.111,2079,5134,9672,31373,4729,11937,29093,83638,253679,511.468,15615,15305,35505,3429,80582,76433,8105;;;;;;;;;;;;;;;
201709,1808,24.606,1975,5947,9118,32543,5401,14857,35430,167469,288035,517.14,15020,14326,37596,3968,91471,426170,4828;;;;;;;;;;;;;;;
201710,1715,24.614,2150,6306,8752,33226,6589,15898,36443,158417,272855,479.393,14197,18524,34830,4670,103840,158192,3255;;;;;;;;;;;;;;;
201711,1524,26.587,2107,6523,9670,33193,6368,17626,37569,156886,302636,477.196,14733,18014,35223,4389,113812,163541,1594;;;;;;;;;;;;;;;
201712,1414,30.796,1534,5396,8069,35357,4113,17053,17365,121689,253950,484.241,15164,16482,32707,2844,111422,152473,601;;;;;;;;;;;;;;;
201801,2037,22.258,2504,8885,13584,23815,6958,14509,58744,178324,269429,416.013,10622,19898,33321,4352,109326,163615,25813;;;;;;;;;;;;;;;
201802,1631,22.536,1993,6838,9110,27815,5726,20812,35015,182228,261749,432.376,11599,17273,31807,4565,119598,80805,16501;;;;;;;;;;;;;;;
201803,2341,27.715,2333,11053,11723,37957,8003,27908,41920,214247,347433,523.003,15852,19785,46767,5379,137822,474069,16088;;;;;;;;;;;;;;;
201804,2441,26.558,2470,10498,11047,35601,6827,21481,33852,171886,314055,462.523,15794,18766,45939,5371,125636,167911,11557;;;;;;;;;;;;;;;
201805,3638,27.942,2650,12467,12487,39446,7554,23634,36711,199693,305057,525.75,14990,22593,43959,5361,145122,192649,9362;;;;;;;;;;;;;;;
201806,3424,31.536,2633,12571,11661,67553,7580,26217,46746,175271,341308,464.366,18145,22557,49136,5627,151755,234945,3716;;;;;;;;;;;;;;;
201807,2401,25.379,2257,9124,9583,13798,6407,19987,36110,152949,317848,446.401,11419,16482,41574,4931,139413,163898,20743;;;;;;;;;;;;;;;
201808,2015,21.68,2726,7718,12007,25765,5784,15361,40919,91791,316405,443.187,16917,20665,43731,4187,114996,94094,7681;;;;;;;;;;;;;;;
201809,1428,20.462,1572,4922,6532,19886,5001,12786,29301,125354,200134,436.746,12705,11986,24633,2596,76244,338834,4397;;;;;;;;;;;;;;;
201810,1312,22.666,1777,7125,7940,24128,5647,13951,29763,147038,252628,431.755,13640,16642,29459,4298,97129,153599,2874;;;;;;;;;;;;;;;
201811,1076,23.986,2121,6893,8667,26357,5324,15500,34608,147387,272674,401.527,14256,17929,29577,3529,100132,158639,1647;;;;;;;;;;;;;;;
201812,1187,27.303,1274,5337,6164,23414,3707,16181,19842,124535,237058,445.499,13616,13900,24556,2615,106950,144089,778;;;;;;;;;;;;;;;
201901,1200,25.514,2327,9210,11738,21117,6760,15684,47164,165271,265702,391.095,10367,21291,30466,4205,102562,161013,22279;;;;;;;;;;;;;;;
201902,1093,22.609,1844,7561,8085,23789,6162,18861,29780,178494,268867,378.514,12324,18597,29998,5041,109344,81969,14178;;;;;;;;;;;;;;;
201903,1461,29.458,2335,9518,9279,31079,7266,24900,38507,194302,345523,465.949,19746,26188,44372,5621,133411,458054,14404;;;;;;;;;;;;;;;
201904,1533,28.461,2587,12303,9748,31451,6350,21121,32701,174924,310715,432.709,12525,16254,45967,5642,130271,161064,13794;;;;;;;;;;;;;;;
201905,2508,28.339,2951,13832,10891,33250,7422,22724,36601,197882,332962,467.275,14666,19145,42091,5415,137120,183724,9126;;;;;;;;;;;;;;;
201906,1746,28.6,2533,13133,10539,33119,6927,25305,41026,172313,325231,417.151,15500,20780,44544,5199,140476,223421,3858;;;;;;;;;;;;;;;
201907,1428,25.319,2543,11722,9221,24951,5929,18436,33540,153336,332788,432.135,10181,16776,43741,4796,127493,157198,18741;;;;;;;;;;;;;;;
201908,1218,19.882,2628,9594,9994,30493,5011,12435,33724,89186,313748,422.548,13511,18711,39808,3811,82550,92573,7202;;;;;;;;;;;;;;;
201909,1039,24.221,1776,5899,8439,27728,5273,14558,37706,142532,244622,385.951,12463,15948,27775,3308,90321,343255,4104;;;;;;;;;;;;;;;
201910,1029,26.015,2090,7276,9371,30493,5958,15649,33772,157262,284593,374.48,11665,18372,31693,4891,105097,143251,3214;;;;;;;;;;;;;;;
201911,935,24.243,2052,7464,8683,31126,5202,16400,39092,151001,299127,348.008,11001,18086,28169,3952,102906,156621,1676;;;;;;;;;;;;;;;
201912,856,34.419,1918,6597,8215,48365,4450,17726,41604,140448,283380,383.843,11952,15471,27636,3127,114113,148997,729;;;;;;;;;;;;;;;
202001,1023,19.458,2294,9785,10801,17790,6196,14423,44016,155869,246300,361.104,10417,18680,27718,4319,95156,149279,20665;;;;;;;;;;;;;;;
202002,957,19.571,1753,7862,8271,22489,5524,20263,29665,163125,239943,352.308,11244,15057,27175,4795,104411,79594,13263;;;;;;;;;;;;;;;
202003,1320,18.032,1731,3743,9200,28535,2717,10596,29496,28415,215119,254.561,13081,15217,16737,2798,41826,254684,10239;;;;;;;;;;;;;;;
202004,560,9.343,832,2434,5981,19831,1830,2749,15322,4295,120840,182.772,8026,10285,19950,1192,4764,4321,1338;;;;;;;;;;;;;;;
202005,787,14.04,1107,4497,5113,16899,5065,5741,14842,99842,168148,271.601,8967,11546,32224,3041,36683,20247,1490;;;;;;;;;;;;;;;
202006,1086,24.593,1673,8249,8026,26058,6499,11076,24754,132691,220272,274.256,12510,18048,39050,4648,90600,145377,2189;;;;;;;;;;;;;;;
202007,1762,22.537,2057,9516,9104,23804,6360,15209,34636,136769,314938,311.138,11116,19102,37953,5509,127859,174887,15329;;;;;;;;;;;;;;;
202008,815,16.381,1516,6853,8488,26545,4341,12417,26461,88973,251044,316.931,12242,17676,30864,3671,74784,87226,7360;;;;;;;;;;;;;;;
202009,1268,21.581,1734,7107,8424,29791,4418,13186,29305,156357,265227,342.783,16997,17231,31903,4073,79368,328041,5747;;;;;;;;;;;;;;;
202010,1021,21.148,1553,6847,7502,29037,4526,13679,31786,157188,274303,312.759,14214,15126,31229,3980,83836,140945,4189;;;;;;;;;;;;;;;
202011,761,22.851,1544,7641,7375,27443,3549,11826,33149,138612,290150,299.98,13584,18238,25976,3808,84576,113781,1468;;;;;;;;;;;;;;;
202012,1057,29.129,1491,6443,8133,34974,2342,14252,42290,119621,311394,324.558,21448,22773,32400,3355,115563,132682,1032;;;;;;;;;;;;;;;
202101,820,16.016,2009,7766,9376,21476,4371,10029,34929,134198,169754,287.013,11158,10312,18343,3747,47366,90249,16948;;;;;;;;;;;;;;;
202102,801,16.801,1725,6689,8175,23586,4826,8311,21617,143161,194349,294.44,11765,9976,27191,3742,64857,51312,11672;;;;;;;;;;;;;;;
202103,1308,25.969,2170,8984,10429,48723,7029,12699,24041,169887,292349,412.765,16726,23871,44505,4967,94027,283964,10672;;;;;;;;;;;;;;;
202104,1187,22.465,2410,10198,8845,23133,4211,14809,23844,145243,229650,386.915,14686,15630,36492,4327,85674,141583,8214;;;;;;;;;;;;;;;
202105,1786,20.379,2215,10850,9965,25713,5237,16661,25394,142932,230635,405.171,15605,17019,36989,4033,103088,156737,7337;;;;;;;;;;;;;;;
202106,2331,26.406,2656,13875,9946,37638,5128,18936,32937,149671,274152,364.5,22314,20506,45311,4471,103477,186128,4980;;;;;;;;;;;;;;;
202107,2508,19.381,2316,10586,7487,18110,4372,12323,26777,110515,236393,324.591,12310,13566,32632,3984,92188,123296,20232;;;;;;;;;;;;;;;
202108,1457,16.631,1516,6198,7906,20925,3529,7971,21646,64767,193307,278.914,18255,15913,29216,2792,54562,68033,8563;;;;;;;;;;;;;;;
202109,1539,19.839,1784,6610,6535,23745,4060,10786,24607,105318,196972,249.413,19749,14282,27964,2948,67797,215312,6354;;;;;;;;;;;;;;;
202110,1226,15.185,1348,6335,6613,20916,4168,10576,24081,101103,178683,215.05,13161,12719,26497,2952,67906,106265,3882;;;;;;;;;;;;;;;
202111,1432,18.937,1450,7165,6678,22093,4007,10928,27224,104519,198258,223.825,16860,14975,22744,3177,76528,115706,2167;;;;;;;;;;;;;;;
202112,1663,24.254,1027,5655,6530,28255,2490,12608,35224,86718,227630,255.715,22028,17816,23368,3232,96287,108596,832;;;;;;;;;;;;;;;
202201,1167,16.812,1746,5522,7884,20527,4284,9829,30984,107853,184112,225.501,8960,9453,19286,3300,49795,115087,15814;;;;;;;;;;;;;;;
202202,1164,17.363,1419,8495,6305,21917,3736,11618,22717,110918,200512,245.26,9164,10266,21313,3709,70397,58994,13643;;;;;;;;;;;;;;;
202203,1993,22.291,2075,8410,7543,29893,4484,13409,24781,119548,241330,279.262,17931,14745,31640,4338,69917,243479,11872;;;;;;;;;;;;;;;
202204,2072,16.041,1789,9289,6432,23050,3869,12420,22087,97365,180264,266.581,11223,11146,27489,3341,76805,119167,10045;;;;;;;;;;;;;;;
202205,3187,18.846,2188,11991,7943,27736,4687,12748,23507,121349,207199,262.084,13216,13637,27555,3534,93580,124394,7120;;;;;;;;;;;;;;;
202206,3157,21.522,1940,11091,7398,27374,4295,15554,30016,127232,224558,253.909,16570,14961,32654,3590,97933,140958,3774;;;;;;;;;;;;;;;
202207,2225,15.879,1577,10874,5503,18789,3714,14665,21941,109611,205911,236.48,8375,9915,25626,3721,82941,112162,15078;;;;;;;;;;;;;;;
202208,1649,16.607,1737,8658,7114,21493,3335,11434,23459,71211,199183,250.472,13608,12824,26760,2968,60721,68858,8942;;;;;;;;;;;;;;;
202209,1691,21.089,1814,8606,6801,23047,3761,12629,25610,110998,224816,244.919,15895,13053,27500,3572,75945,225269,7315;;;;;;;;;;;;;;;
202210,1339,17.281,1679,7791,6198,23220,3407,12629,28802,115852,208642,246.037,13775,10888,21402,3465,74272,134344,4527;;;;;;;;;;;;;;;
202211,1810,21.273,1443,8070,6392,26295,3607,15351,27746,119871,260512,238.979,20770,13156,22660,3435,81627,142889,2353;;;;;;;;;;;;;;;
202212,2181,24.399,1154,6486,6187,35879,2500,14971,30818,104965,314318,248.877,43360,15237,21447,3121,81005,128462,866;;;;;;;;;;;;;;;
202301,1104,17.17,1788,10532,7175,15282,4394,14639,32666,128328,179247,235.236,2115,10433,22953,3726,70755,131994,16787;;;;;;;;;;;;;;;
202302,1432,17.785,1622,9956,6117,19040,3729,16080,28128,130405,206210,239.871,7680,11628,23543,4177,81400,74441,13284;;;;;;;;;;;;;;;
202303,2391,26.048,2316,13284,7679,30960,5221,21472,37452,168323,281361,299.01,19672,17901,39067,5246,108504,287825,15782;;;;;;;;;;;;;;;
202304,2054,18.447,1934,10239,7306,21413,4257,16107,29669,125884,202947,287.417,9331,12138,29909,4176,81258,132990,11277;;;;;;;;;;;;;;;
202305,3409,21.976,2301,12957,9436,29384,4830,19816,33135,149482,246966,302.905,13697,14099,31531,4402,99989,145204,10452;;;;;;;;;;;;;;;
202306,3347,25.486,2276,13394,9164,29132,4621,22041,41365,139150,280139,287.069,16029,18477,36187,4767,109216,177266,5584;;;;;;;;;;;;;;;
202307,1774,18.767,1833,12380,6398,18073,3736,16074,28687,119247,243277,288.759,7897,11352,28378,4208,89338,143921,18106;;;;;;;;;;;;;;;
202308,1644,19.385,1773,10368,7824,24578,3243,13050,27825,79787,273417,269.157,11503,13582,28759,3416,62729,85657,11328;;;;;;;;;;;;;;;
202309,1630,21.844,1755,11401,7483,28893,4031,14077,29855,136315,224502,271.706,10754,14937,27820,3879,70912,272610,6882;;;;;;;;;;;;;;;
202310,1393,20.397,1747,11282,6452,25730,3816,13863,28362,139075,218959,257.989,9309,13278,25797,4168,90600,153529,4587;;;;;;;;;;;;;;;
202311,1829,22.025,1830,10452,6674,25928,3795,15769,28256,139317,245701,244.524,10640,16359,24256,3642,86876,156525,2291;;;;;;;;;;;;;;;
202312,1967,26.651,1816,8240,5801,29694,2782,16635,26577,111136,241883,258.35,12422,19203,23209,3348,88851,141092,1064;;;;;;;;;;;;;;;
202401,711,15.227,1589,12752,6591,17809,NA,15737,34477,142009,213553,NA,5368,8870,22270,3627,76095,142876,20861;;;;;;;;;;;;;;;
202402,NA,NA,NA,NA,5373,19250,NA,NA,NA,147094,217388,NA,7694,NA,NA,NA,NA,84886,NA;;;;;;;;;;;;;;;
